{"stats":{"minecraft:mined":{"minecraft:birch_log":2},"minecraft:picked_up":{"minecraft:birch_log":2},"minecraft:used":{"minecraft:birch_log":2},"minecraft:custom":{"minecraft:jump":27,"minecraft:time_since_rest":1551,"minecraft:crouch_one_cm":229,"minecraft:sprint_one_cm":2649,"minecraft:play_time":1551,"minecraft:time_since_death":1551,"minecraft:walk_one_cm":544,"minecraft:sneak_time":212,"minecraft:total_world_time":1551,"minecraft:fall_one_cm":627,"minecraft:fly_one_cm":7326}},"DataVersion":3700}